student_id,school_id,grade_level,gpa,date_of_birth,school_district
1,SC5,6,2.71,2012-01-18,District 3
2,SC2,6,2.88,2012-03-14,District 1
3,SC1,1,2.73,2017-06-05,District 1
4,SC6,4,2.99,2014-07-18,District 3
5,SC5,1,3.23,2017-12-19,District 3
6,SC1,8,2.85,2010-09-11,District 1
7,SC2,11,3.36,2007-03-09,District 1
8,SC5,9,3.0,2009-12-02,District 3
9,SC1,8,3.0,2010-10-23,District 1
10,SC1,8,3.45,2010-08-30,District 1
11,SC6,10,2.82,2008-03-17,District 3
12,SC1,6,3.12,2012-03-03,District 1
13,SC3,12,2.73,2006-03-26,District 2
14,SC6,12,3.02,2006-06-21,District 3
15,SC1,9,3.06,2009-08-06,District 1
16,SC1,2,3.39,2016-01-17,District 1
17,SC6,4,2.99,2014-08-09,District 3
18,SC4,4,2.58,2014-04-17,District 2
19,SC6,9,2.79,2009-03-27,District 3
20,SC6,5,2.67,2013-05-31,District 3
21,SC1,7,2.88,2011-03-04,District 1
22,SC6,7,3.23,2011-05-30,District 3
23,SC3,11,2.93,2007-05-27,District 2
24,SC2,12,2.68,2006-03-20,District 1
25,SC1,7,3.24,2011-12-30,District 1
26,SC3,7,3.0,2011-04-07,District 2
27,SC6,7,3.23,2011-06-02,District 3
28,SC4,4,2.88,2014-03-27,District 2
29,SC3,11,2.77,2007-02-13,District 2
30,SC6,1,2.97,2017-03-22,District 3
31,SC4,2,3.19,2016-12-09,District 2
32,SC5,3,2.98,2015-12-06,District 3
33,SC6,5,3.34,2013-02-25,District 3
34,SC5,9,3.15,2009-01-11,District 3
35,SC3,12,2.86,2006-08-28,District 2
36,SC4,2,3.14,2016-12-27,District 2
37,SC5,12,3.31,2006-06-11,District 3
38,SC5,4,2.54,2014-05-02,District 3
39,SC6,9,2.97,2009-04-23,District 3
40,SC5,12,3.02,2006-06-30,District 3
41,SC1,6,2.68,2012-03-15,District 1
42,SC3,1,2.98,2017-03-17,District 2
43,SC5,7,3.03,2011-09-13,District 3
44,SC3,10,3.2,2008-12-29,District 2
45,SC6,3,3.01,2015-12-07,District 3
46,SC3,12,2.99,2006-02-22,District 2
47,SC1,10,3.39,2008-07-18,District 1
48,SC4,5,3.03,2013-06-28,District 2
49,SC5,2,2.76,2016-07-07,District 3
50,SC3,7,3.16,2011-04-02,District 2
51,SC2,4,2.78,2014-06-20,District 1
52,SC6,3,2.86,2015-10-03,District 3
53,SC2,11,3.0,2007-02-05,District 1
54,SC2,11,2.98,2007-03-12,District 1
55,SC2,9,2.52,2009-02-22,District 1
56,SC6,10,2.74,2008-07-22,District 3
57,SC3,4,3.21,2014-01-11,District 2
58,SC2,12,3.06,2006-07-02,District 1
59,SC3,10,3.17,2008-04-19,District 2
60,SC6,2,3.25,2016-08-04,District 3
61,SC3,9,3.49,2009-06-29,District 2
62,SC5,7,3.08,2011-03-06,District 3
63,SC2,6,3.08,2012-09-03,District 1
64,SC1,6,3.07,2012-09-07,District 1
65,SC4,4,3.06,2014-12-05,District 2
66,SC3,9,3.35,2009-05-15,District 2
67,SC3,11,2.93,2007-04-20,District 2
68,SC4,2,2.98,2016-05-03,District 2
69,SC3,10,2.94,2008-12-08,District 2
70,SC6,6,2.78,2012-10-15,District 3
71,SC2,12,2.72,2006-07-15,District 1
72,SC2,10,2.65,2008-11-26,District 1
73,SC4,12,2.83,2006-08-21,District 2
74,SC5,3,2.89,2015-03-18,District 3
75,SC3,11,3.22,2007-09-11,District 2
76,SC3,3,3.11,2015-11-25,District 2
77,SC3,7,3.11,2011-11-16,District 2
78,SC2,9,2.97,2009-03-14,District 1
79,SC6,2,2.98,2016-09-01,District 3
80,SC3,9,3.28,2009-02-17,District 2
81,SC2,12,3.25,2006-12-12,District 1
82,SC5,1,3.23,2017-05-20,District 3
83,SC4,6,2.88,2012-05-03,District 2
84,SC6,9,2.77,2009-08-02,District 3
85,SC6,3,2.63,2015-05-30,District 3
86,SC6,11,2.99,2007-10-13,District 3
87,SC2,3,2.99,2015-03-29,District 1
88,SC1,5,2.75,2013-01-17,District 1
89,SC5,5,3.03,2013-03-08,District 3
90,SC2,2,2.88,2016-12-22,District 1
91,SC5,4,2.41,2014-11-16,District 3
92,SC2,4,3.0,2014-07-05,District 1
93,SC4,2,3.18,2016-09-04,District 2
94,SC5,10,3.28,2008-01-16,District 3
95,SC3,2,2.94,2016-04-26,District 2
96,SC2,2,3.58,2016-12-28,District 1
97,SC5,10,3.31,2008-04-07,District 3
98,SC2,11,2.83,2007-08-13,District 1
99,SC4,9,3.3,2009-10-10,District 2
100,SC1,6,2.98,2012-11-07,District 1
101,SC2,7,3.12,2011-03-16,District 1
102,SC4,10,3.12,2008-07-23,District 2
103,SC3,1,2.94,2017-01-20,District 2
104,SC6,7,3.58,2011-03-10,District 3
105,SC6,4,2.89,2014-03-24,District 3
106,SC1,4,2.99,2014-03-07,District 1
107,SC2,8,2.43,2010-03-02,District 1
108,SC4,5,3.07,2013-04-20,District 2
109,SC2,12,2.93,2006-09-11,District 1
110,SC4,3,2.66,2015-03-13,District 2
111,SC6,3,2.74,2015-03-23,District 3
112,SC3,11,2.84,2007-05-01,District 2
113,SC1,4,2.87,2014-06-21,District 1
114,SC5,10,3.15,2008-03-11,District 3
115,SC6,9,3.03,2009-01-09,District 3
116,SC3,1,2.9,2017-03-05,District 2
117,SC2,11,2.85,2007-09-14,District 1
118,SC4,9,2.77,2009-03-12,District 2
119,SC6,7,3.06,2011-03-07,District 3
120,SC3,9,2.89,2009-10-11,District 2
121,SC4,1,2.96,2017-02-11,District 2
122,SC3,12,3.14,2006-03-26,District 2
123,SC4,8,2.87,2010-12-27,District 2
124,SC2,4,2.99,2014-03-28,District 1
125,SC6,3,3.27,2015-12-20,District 3
126,SC5,5,2.78,2013-11-15,District 3
127,SC4,11,2.92,2007-09-15,District 2
128,SC4,4,2.92,2014-03-21,District 2
129,SC3,2,3.15,2016-05-11,District 2
130,SC5,10,2.67,2008-03-09,District 3
131,SC5,1,2.68,2017-07-30,District 3
132,SC1,5,2.94,2013-10-14,District 1
133,SC5,4,3.23,2014-03-11,District 3
134,SC3,1,2.95,2017-11-08,District 2
135,SC6,6,3.11,2012-02-18,District 3
136,SC2,1,3.06,2017-02-24,District 1
137,SC1,6,2.86,2012-10-21,District 1
138,SC5,11,3.03,2007-06-15,District 3
139,SC3,6,2.59,2012-10-31,District 2
140,SC4,7,2.87,2011-03-29,District 2
141,SC2,12,2.67,2006-08-28,District 1
142,SC2,7,3.01,2011-01-08,District 1
143,SC2,11,3.11,2007-08-13,District 1
144,SC5,11,3.01,2007-10-09,District 3
145,SC1,7,2.56,2011-08-12,District 1
146,SC1,12,2.73,2006-01-06,District 1
147,SC2,10,2.98,2008-09-11,District 1
148,SC6,1,2.6,2017-12-02,District 3
149,SC2,9,3.28,2009-08-16,District 1
150,SC2,8,3.15,2010-03-16,District 1
151,SC5,6,2.93,2012-05-27,District 3
152,SC2,4,3.18,2014-09-01,District 1
153,SC5,8,3.41,2010-10-03,District 3
154,SC1,7,2.94,2011-01-28,District 1
155,SC2,4,3.08,2014-02-02,District 1
156,SC6,3,2.95,2015-03-26,District 3
157,SC2,6,2.81,2012-03-10,District 1
158,SC3,8,2.98,2010-02-07,District 2
159,SC2,1,3.05,2017-05-28,District 1
160,SC5,1,3.11,2017-09-01,District 3
161,SC6,2,3.02,2016-08-05,District 3
162,SC3,5,3.24,2013-12-18,District 2
163,SC2,1,2.73,2017-07-21,District 1
164,SC5,12,2.93,2006-06-25,District 3
165,SC2,12,3.26,2006-09-04,District 1
166,SC6,10,2.95,2008-02-24,District 3
167,SC2,7,3.05,2011-09-26,District 1
168,SC3,6,2.64,2012-09-03,District 2
169,SC4,2,2.92,2016-05-07,District 2
170,SC4,10,3.3,2008-02-03,District 2
171,SC6,11,2.81,2007-03-30,District 3
172,SC2,9,3.28,2009-06-19,District 1
173,SC2,12,2.87,2006-03-13,District 1
174,SC6,2,2.93,2016-11-01,District 3
175,SC2,10,3.01,2008-08-28,District 1
176,SC2,9,3.03,2009-03-14,District 1
177,SC5,5,2.72,2013-01-22,District 3
178,SC4,9,3.22,2009-04-02,District 2
179,SC3,10,3.02,2008-03-26,District 2
180,SC2,2,2.87,2016-09-05,District 1
181,SC4,1,2.97,2017-05-25,District 2
182,SC6,5,3.32,2013-09-22,District 3
183,SC2,10,3.33,2008-03-08,District 1
184,SC6,5,2.82,2013-03-01,District 3
185,SC4,6,2.7,2012-04-07,District 2
186,SC3,3,3.15,2015-11-25,District 2
187,SC5,3,3.22,2015-08-27,District 3
188,SC2,3,2.94,2015-11-18,District 1
189,SC2,7,2.59,2011-02-14,District 1
190,SC6,3,3.16,2015-03-06,District 3
191,SC3,5,3.0,2013-03-28,District 2
192,SC3,9,2.85,2009-01-11,District 2
193,SC5,2,3.26,2016-09-27,District 3
194,SC1,10,3.45,2008-07-31,District 1
195,SC3,6,2.65,2012-10-19,District 2
196,SC4,9,3.12,2009-08-22,District 2
197,SC6,11,2.89,2007-06-26,District 3
198,SC5,8,2.87,2010-06-20,District 3
199,SC2,1,2.94,2017-03-07,District 1
200,SC1,4,3.15,2014-08-07,District 1
201,SC4,10,3.0,2008-01-26,District 2
202,SC1,7,3.21,2011-07-11,District 1
203,SC2,1,3.01,2017-10-23,District 1
204,SC5,11,3.1,2007-05-28,District 3
205,SC6,7,2.97,2011-09-14,District 3
206,SC4,1,2.88,2017-07-27,District 2
207,SC6,3,3.0,2015-05-14,District 3
208,SC3,1,2.69,2017-09-28,District 2
209,SC2,6,3.06,2012-07-21,District 1
210,SC2,6,3.1,2012-02-24,District 1
211,SC1,8,3.21,2010-07-16,District 1
212,SC2,4,2.9,2014-09-10,District 1
213,SC2,7,2.85,2011-06-10,District 1
214,SC3,10,3.08,2008-03-05,District 2
215,SC4,4,3.19,2014-11-03,District 2
216,SC1,12,2.96,2006-03-18,District 1
217,SC1,10,3.31,2008-01-06,District 1
218,SC3,12,2.7,2006-05-30,District 2
219,SC1,12,2.68,2006-11-05,District 1
220,SC5,11,3.14,2007-06-24,District 3
221,SC1,5,2.99,2013-09-29,District 1
222,SC6,3,2.69,2015-06-11,District 3
223,SC3,11,3.07,2007-10-16,District 2
224,SC1,12,3.12,2006-04-01,District 1
225,SC5,10,2.85,2008-10-10,District 3
226,SC6,8,2.99,2010-12-01,District 3
227,SC6,1,3.0,2017-03-27,District 3
228,SC1,5,2.94,2013-10-27,District 1
229,SC1,2,2.91,2016-03-17,District 1
230,SC6,4,2.88,2014-03-13,District 3
231,SC4,12,3.28,2006-02-11,District 2
232,SC4,6,3.17,2012-03-09,District 2
233,SC3,5,2.96,2013-01-09,District 2
234,SC1,2,3.14,2016-11-02,District 1
235,SC3,11,2.99,2007-05-29,District 2
236,SC5,5,3.26,2013-10-07,District 3
237,SC1,8,3.05,2010-10-08,District 1
238,SC3,5,2.88,2013-06-02,District 2
239,SC5,1,3.36,2017-03-08,District 3
240,SC5,7,2.98,2011-10-11,District 3
241,SC5,8,3.02,2010-08-19,District 3
242,SC3,12,3.11,2006-12-20,District 2
243,SC6,12,2.81,2006-07-09,District 3
244,SC5,2,3.13,2016-06-22,District 3
245,SC6,5,2.93,2013-05-25,District 3
246,SC2,11,3.33,2007-09-24,District 1
247,SC6,2,3.2,2016-04-26,District 3
248,SC3,12,3.15,2006-01-22,District 2
249,SC3,6,3.11,2012-07-19,District 2
250,SC2,12,2.88,2006-12-25,District 1
251,SC3,6,3.18,2012-12-17,District 2
252,SC1,6,2.84,2012-05-21,District 1
253,SC5,2,2.83,2016-06-14,District 3
254,SC6,5,2.62,2013-06-05,District 3
255,SC3,9,3.01,2009-09-09,District 2
256,SC5,8,2.99,2010-03-30,District 3
257,SC3,1,2.99,2017-11-08,District 2
258,SC6,1,3.06,2017-03-29,District 3
259,SC4,3,3.2,2015-04-16,District 2
260,SC2,8,3.19,2010-12-17,District 1
261,SC1,9,3.38,2009-01-28,District 1
262,SC2,2,2.82,2016-12-12,District 1
263,SC3,8,3.18,2010-08-13,District 2
264,SC2,4,3.32,2014-05-10,District 1
265,SC4,10,2.96,2008-06-19,District 2
266,SC3,11,3.31,2007-08-30,District 2
267,SC5,7,2.98,2011-03-05,District 3
268,SC4,10,2.89,2008-05-15,District 2
269,SC4,4,2.99,2014-03-26,District 2
270,SC6,1,3.15,2017-03-08,District 3
271,SC5,3,3.1,2015-04-10,District 3
272,SC6,2,3.3,2016-11-12,District 3
273,SC2,4,2.89,2014-10-27,District 1
274,SC2,4,3.56,2014-07-08,District 1
275,SC6,4,2.65,2014-09-21,District 3
276,SC6,12,2.84,2006-10-06,District 3
277,SC6,7,2.94,2011-12-22,District 3
278,SC5,2,3.03,2016-03-21,District 3
279,SC4,1,2.91,2017-07-27,District 2
280,SC4,3,2.99,2015-07-01,District 2
281,SC4,9,3.08,2009-10-19,District 2
282,SC2,10,2.93,2008-03-14,District 1
283,SC5,11,3.0,2007-12-15,District 3
284,SC3,10,3.0,2008-03-10,District 2
285,SC6,9,3.07,2009-08-06,District 3
286,SC3,7,3.17,2011-06-14,District 2
287,SC1,5,3.24,2013-03-20,District 1
288,SC5,1,2.9,2017-03-30,District 3
289,SC1,2,2.99,2016-12-21,District 1
290,SC2,2,3.0,2016-11-29,District 1
291,SC5,7,2.98,2011-12-07,District 3
292,SC3,3,3.06,2015-03-22,District 2
293,SC5,10,3.2,2008-09-12,District 3
294,SC4,8,2.83,2010-10-31,District 2
295,SC3,11,2.95,2007-04-12,District 2
296,SC4,1,2.82,2017-06-11,District 2
297,SC5,11,3.03,2007-04-29,District 3
298,SC1,11,3.47,2007-05-08,District 1
299,SC5,11,2.84,2007-04-07,District 3
300,SC4,11,3.14,2007-01-23,District 2
301,SC1,3,3.22,2015-10-06,District 1
302,SC3,11,3.11,2007-07-28,District 2
303,SC3,10,2.95,2008-02-08,District 2
304,SC6,2,3.11,2016-03-05,District 3
305,SC1,7,3.02,2011-10-08,District 1
306,SC3,5,3.1,2013-03-18,District 2
307,SC4,8,2.79,2010-01-27,District 2
308,SC6,10,2.85,2008-03-28,District 3
309,SC2,10,2.88,2008-06-08,District 1
310,SC6,4,3.24,2014-02-05,District 3
311,SC4,8,2.82,2010-03-09,District 2
312,SC3,12,2.8,2006-05-30,District 2
313,SC5,4,2.77,2014-10-31,District 3
314,SC1,4,3.23,2014-03-21,District 1
315,SC2,2,3.1,2016-03-19,District 1
316,SC5,7,3.25,2011-03-20,District 3
317,SC4,7,2.84,2011-03-20,District 2
318,SC4,2,3.02,2016-08-04,District 2
319,SC4,6,3.0,2012-03-26,District 2
320,SC2,2,2.92,2016-06-05,District 1
321,SC5,3,3.12,2015-01-13,District 3
322,SC3,10,3.33,2008-09-07,District 2
323,SC3,8,3.18,2010-04-11,District 2
324,SC6,6,2.94,2012-12-06,District 3
325,SC4,12,2.82,2006-03-11,District 2
326,SC6,6,3.22,2012-10-26,District 3
327,SC6,11,2.98,2007-04-07,District 3
328,SC3,11,3.12,2007-03-10,District 2
329,SC5,3,2.91,2015-03-23,District 3
330,SC3,5,2.95,2013-08-13,District 2
331,SC3,9,3.15,2009-03-27,District 2
332,SC3,7,3.09,2011-03-04,District 2
333,SC6,6,2.82,2012-03-02,District 3
334,SC4,7,2.79,2011-03-14,District 2
335,SC6,9,2.8,2009-01-16,District 3
336,SC2,4,2.95,2014-02-01,District 1
337,SC5,6,3.14,2012-03-16,District 3
338,SC5,2,2.66,2016-07-29,District 3
339,SC1,7,3.15,2011-12-07,District 1
340,SC4,7,2.89,2011-10-09,District 2
341,SC5,6,2.67,2012-12-30,District 3
342,SC2,7,3.4,2011-08-15,District 1
343,SC2,3,3.25,2015-09-19,District 1
344,SC6,11,2.94,2007-11-20,District 3
345,SC1,8,3.02,2010-03-14,District 1
346,SC4,5,3.15,2013-09-25,District 2
347,SC3,8,2.74,2010-05-09,District 2
348,SC2,11,2.91,2007-02-26,District 1
349,SC6,12,2.82,2006-06-08,District 3
350,SC6,8,2.96,2010-11-30,District 3
351,SC5,9,3.14,2009-08-18,District 3
352,SC4,8,2.78,2010-05-07,District 2
353,SC2,5,2.95,2013-10-13,District 1
354,SC1,10,3.16,2008-06-27,District 1
355,SC2,12,2.92,2006-04-06,District 1
356,SC3,12,3.28,2006-03-26,District 2
357,SC6,8,2.84,2010-03-18,District 3
358,SC4,11,3.03,2007-03-06,District 2
359,SC3,1,2.98,2017-08-07,District 2
360,SC1,3,3.22,2015-03-30,District 1
361,SC4,11,2.77,2007-07-02,District 2
362,SC5,4,3.21,2014-08-03,District 3
363,SC5,4,2.9,2014-08-04,District 3
364,SC1,1,2.84,2017-02-27,District 1
365,SC5,7,2.95,2011-05-22,District 3
366,SC2,2,3.18,2016-02-11,District 1
367,SC4,3,3.11,2015-02-24,District 2
368,SC5,11,2.86,2007-03-11,District 3
369,SC4,4,3.04,2014-03-16,District 2
370,SC3,3,2.84,2015-03-10,District 2
371,SC2,1,2.81,2017-07-31,District 1
372,SC3,4,2.72,2014-03-12,District 2
373,SC3,11,2.97,2007-03-04,District 2
374,SC2,4,2.47,2014-04-29,District 1
375,SC5,3,3.26,2015-07-31,District 3
376,SC5,7,3.1,2011-07-22,District 3
377,SC6,12,2.94,2006-03-30,District 3
378,SC4,4,3.4,2014-12-15,District 2
379,SC3,5,2.84,2013-10-06,District 2
380,SC1,1,2.96,2017-02-23,District 1
381,SC5,4,3.16,2014-03-22,District 3
382,SC6,8,3.09,2010-02-24,District 3
383,SC2,3,3.31,2015-03-16,District 1
384,SC1,7,2.97,2011-05-27,District 1
385,SC1,4,3.16,2014-11-21,District 1
386,SC4,4,3.02,2014-03-10,District 2
387,SC3,3,2.93,2015-04-08,District 2
388,SC5,6,2.96,2012-03-14,District 3
389,SC1,1,2.9,2017-09-08,District 1
390,SC4,12,2.91,2006-03-31,District 2
391,SC6,9,3.14,2009-03-04,District 3
392,SC3,5,2.91,2013-09-12,District 2
393,SC6,3,2.92,2015-06-27,District 3
394,SC4,7,2.96,2011-03-28,District 2
395,SC1,7,2.88,2011-06-07,District 1
396,SC4,5,2.74,2013-11-13,District 2
397,SC2,9,2.72,2009-01-09,District 1
398,SC5,10,3.22,2008-10-16,District 3
399,SC2,8,3.08,2010-02-12,District 1
400,SC3,2,2.97,2016-03-25,District 2
401,SC1,6,3.19,2012-12-17,District 1
402,SC2,2,2.85,2016-08-23,District 1
403,SC2,3,3.0,2015-06-13,District 1
404,SC3,7,2.83,2011-04-01,District 2
405,SC2,7,2.75,2011-06-12,District 1
406,SC5,3,3.16,2015-06-27,District 3
407,SC1,10,3.14,2008-03-22,District 1
408,SC3,10,3.13,2008-04-19,District 2
409,SC4,7,2.97,2011-01-04,District 2
410,SC4,6,3.09,2012-01-27,District 2
411,SC3,12,3.42,2006-03-05,District 2
412,SC4,9,3.14,2009-12-29,District 2
413,SC6,4,3.08,2014-09-25,District 3
414,SC5,5,2.86,2013-06-04,District 3
415,SC6,9,3.3,2009-11-07,District 3
416,SC4,6,2.97,2012-01-09,District 2
417,SC3,7,3.35,2011-04-18,District 2
418,SC2,9,3.42,2009-02-09,District 1
419,SC5,3,3.16,2015-10-11,District 3
420,SC2,8,2.78,2010-07-18,District 1
421,SC3,8,3.26,2010-03-20,District 2
422,SC2,12,3.08,2006-09-05,District 1
423,SC5,4,2.87,2014-12-10,District 3
424,SC4,4,3.07,2014-01-09,District 2
425,SC6,9,3.36,2009-02-12,District 3
426,SC4,11,3.17,2007-07-02,District 2
427,SC1,12,2.95,2006-04-06,District 1
428,SC4,12,3.31,2006-03-08,District 2
429,SC5,12,2.82,2006-10-29,District 3
430,SC6,3,3.14,2015-03-10,District 3
431,SC2,4,3.08,2014-03-06,District 1
432,SC5,1,3.12,2017-12-21,District 3
433,SC3,6,3.06,2012-05-06,District 2
434,SC3,4,3.1,2014-06-05,District 2
435,SC5,7,2.93,2011-01-25,District 3
436,SC1,4,2.95,2014-12-18,District 1
437,SC3,9,3.16,2009-03-22,District 2
438,SC6,5,2.96,2013-09-22,District 3
439,SC3,4,3.4,2014-03-20,District 2
440,SC5,5,2.99,2013-03-15,District 3
441,SC3,1,2.81,2017-06-13,District 2
442,SC4,2,3.22,2016-03-11,District 2
443,SC6,11,3.04,2007-11-18,District 3
444,SC2,6,3.2,2012-05-12,District 1
445,SC6,6,2.84,2012-08-20,District 3
446,SC2,9,3.08,2009-03-08,District 1
447,SC1,2,3.29,2016-08-25,District 1
448,SC6,8,3.08,2010-06-09,District 3
449,SC1,8,3.14,2010-08-31,District 1
450,SC6,8,3.25,2010-03-25,District 3
451,SC5,2,2.92,2016-09-07,District 3
452,SC6,8,3.05,2010-03-15,District 3
453,SC6,4,3.06,2014-12-26,District 3
454,SC4,11,2.93,2007-01-03,District 2
455,SC5,7,3.41,2011-09-23,District 3
456,SC2,10,2.64,2008-03-12,District 1
457,SC6,3,2.7,2015-04-26,District 3
458,SC2,11,2.93,2007-10-26,District 1
459,SC4,4,2.74,2014-02-19,District 2
460,SC2,3,2.76,2015-06-17,District 1
461,SC4,3,3.02,2015-05-15,District 2
462,SC6,2,2.95,2016-03-14,District 3
463,SC2,6,3.05,2012-04-06,District 1
464,SC3,9,3.0,2009-03-29,District 2
465,SC5,9,3.11,2009-12-19,District 3
466,SC3,7,3.29,2011-09-08,District 2
467,SC1,1,3.13,2017-11-19,District 1
468,SC4,9,3.14,2009-03-12,District 2
469,SC6,2,2.94,2016-01-25,District 3
470,SC6,12,2.95,2006-05-02,District 3
471,SC3,5,2.9,2013-08-20,District 2
472,SC6,2,3.06,2016-02-08,District 3
473,SC3,1,3.16,2017-08-23,District 2
474,SC1,12,3.27,2006-09-05,District 1
475,SC4,1,2.7,2017-07-01,District 2
476,SC1,1,3.32,2017-12-17,District 1
477,SC3,7,3.06,2011-01-21,District 2
478,SC4,7,2.87,2011-07-07,District 2
479,SC2,2,3.19,2016-03-04,District 1
480,SC3,6,2.71,2012-12-25,District 2
481,SC1,2,3.26,2016-07-17,District 1
482,SC3,9,2.96,2009-08-27,District 2
483,SC1,10,2.82,2008-04-26,District 1
484,SC4,6,2.76,2012-11-28,District 2
485,SC2,10,3.01,2008-03-21,District 1
486,SC3,4,3.07,2014-01-29,District 2
487,SC2,6,2.95,2012-06-10,District 1
488,SC2,5,3.51,2013-06-17,District 1
489,SC4,6,2.92,2012-09-02,District 2
490,SC3,6,3.23,2012-12-11,District 2
491,SC3,8,3.15,2010-05-20,District 2
492,SC5,9,3.06,2009-05-18,District 3
493,SC1,11,2.91,2007-03-09,District 1
494,SC2,1,3.11,2017-11-14,District 1
495,SC1,5,3.2,2013-01-09,District 1
496,SC4,6,3.08,2012-03-11,District 2
497,SC6,10,3.06,2008-08-25,District 3
498,SC1,12,2.69,2006-12-10,District 1
499,SC2,8,3.19,2010-07-08,District 1
500,SC1,12,2.82,2006-08-04,District 1
501,SC6,1,3.31,2017-04-21,District 3
502,SC4,12,3.25,2006-03-09,District 2
503,SC4,5,2.79,2013-04-29,District 2
504,SC3,8,3.46,2010-07-08,District 2
505,SC2,10,2.98,2008-06-01,District 1
506,SC4,12,3.0,2006-03-09,District 2
507,SC4,1,2.9,2017-12-11,District 2
508,SC1,1,3.16,2017-01-24,District 1
509,SC2,8,2.7,2010-11-04,District 1
510,SC1,5,2.96,2013-05-02,District 1
511,SC1,3,3.33,2015-11-23,District 1
512,SC5,6,3.16,2012-01-17,District 3
513,SC4,10,2.89,2008-07-11,District 2
514,SC6,1,3.01,2017-06-25,District 3
515,SC6,5,2.95,2013-01-25,District 3
516,SC4,11,2.75,2007-08-25,District 2
517,SC6,9,2.66,2009-05-14,District 3
518,SC1,4,2.97,2014-12-26,District 1
519,SC4,8,3.08,2010-03-31,District 2
520,SC1,11,3.2,2007-09-13,District 1
521,SC6,9,2.75,2009-01-14,District 3
522,SC2,2,3.09,2016-04-16,District 1
523,SC1,7,3.15,2011-03-16,District 1
524,SC4,7,3.25,2011-11-05,District 2
525,SC4,7,2.83,2011-07-27,District 2
526,SC1,1,3.05,2017-08-25,District 1
527,SC3,1,2.92,2017-03-07,District 2
528,SC2,11,3.02,2007-06-28,District 1
529,SC1,2,3.07,2016-06-12,District 1
530,SC5,6,3.16,2012-12-21,District 3
531,SC2,1,2.74,2017-03-16,District 1
532,SC2,12,3.16,2006-03-22,District 1
533,SC5,9,3.41,2009-04-15,District 3
534,SC2,10,2.87,2008-11-11,District 1
535,SC6,1,3.19,2017-04-22,District 3
536,SC4,7,2.71,2011-01-24,District 2
537,SC2,11,2.9,2007-12-19,District 1
538,SC4,11,3.11,2007-10-08,District 2
539,SC6,7,3.02,2011-12-18,District 3
540,SC6,3,3.2,2015-09-07,District 3
541,SC3,2,2.94,2016-03-10,District 2
542,SC2,1,2.75,2017-04-14,District 1
543,SC4,2,2.81,2016-03-06,District 2
544,SC1,11,2.97,2007-09-29,District 1
545,SC6,10,2.72,2008-01-25,District 3
546,SC5,11,2.58,2007-11-15,District 3
547,SC4,2,3.17,2016-01-28,District 2
548,SC1,11,3.06,2007-11-15,District 1
549,SC6,2,3.13,2016-03-01,District 3
550,SC6,6,2.76,2012-03-29,District 3
551,SC3,10,3.21,2008-12-22,District 2
552,SC5,8,2.8,2010-07-07,District 3
553,SC4,12,2.77,2006-03-20,District 2
554,SC2,1,3.45,2017-08-23,District 1
555,SC6,8,2.55,2010-11-20,District 3
556,SC1,4,2.67,2014-04-26,District 1
557,SC4,2,2.75,2016-03-05,District 2
558,SC6,4,2.94,2014-01-21,District 3
559,SC5,7,3.2,2011-06-19,District 3
560,SC5,5,3.15,2013-11-05,District 3
561,SC6,12,3.15,2006-06-15,District 3
562,SC4,10,3.06,2008-04-01,District 2
563,SC3,5,3.35,2013-07-29,District 2
564,SC4,1,3.0,2017-06-23,District 2
565,SC6,10,3.04,2008-01-15,District 3
566,SC4,1,2.96,2017-03-31,District 2
567,SC6,10,3.07,2008-03-14,District 3
568,SC2,5,3.29,2013-03-10,District 1
569,SC5,10,3.09,2008-12-31,District 3
570,SC6,5,2.39,2013-03-16,District 3
571,SC3,2,3.01,2016-03-18,District 2
572,SC2,7,2.71,2011-05-13,District 1
573,SC1,4,3.06,2014-10-31,District 1
574,SC3,11,2.88,2007-03-23,District 2
575,SC5,12,3.58,2006-03-02,District 3
576,SC4,8,3.09,2010-04-28,District 2
577,SC3,4,3.22,2014-02-27,District 2
578,SC6,1,2.94,2017-11-21,District 3
579,SC1,2,2.95,2016-10-08,District 1
580,SC3,7,3.14,2011-03-26,District 2
581,SC1,3,2.68,2015-03-17,District 1
582,SC3,1,2.74,2017-03-23,District 2
583,SC5,7,3.15,2011-08-22,District 3
584,SC4,4,2.87,2014-11-02,District 2
585,SC2,2,3.22,2016-04-26,District 1
586,SC2,9,3.03,2009-08-13,District 1
587,SC3,7,3.1,2011-03-15,District 2
588,SC1,12,3.46,2006-05-31,District 1
589,SC2,12,2.68,2006-12-05,District 1
590,SC6,3,2.98,2015-11-06,District 3
591,SC4,12,2.93,2006-11-18,District 2
592,SC4,7,2.95,2011-03-16,District 2
593,SC1,7,2.93,2011-10-18,District 1
594,SC5,8,2.83,2010-10-11,District 3
595,SC1,1,3.13,2017-06-23,District 1
596,SC4,2,3.35,2016-03-05,District 2
597,SC3,5,2.99,2013-10-17,District 2
598,SC2,3,3.02,2015-06-20,District 1
599,SC4,8,2.81,2010-04-07,District 2
600,SC2,5,2.79,2013-02-21,District 1
601,SC2,7,3.2,2011-06-27,District 1
602,SC4,11,2.94,2007-04-01,District 2
603,SC6,3,2.78,2015-10-13,District 3
604,SC6,2,2.9,2016-09-16,District 3
605,SC2,2,2.82,2016-04-14,District 1
606,SC2,11,3.23,2007-07-26,District 1
607,SC6,9,3.09,2009-08-12,District 3
608,SC1,1,2.91,2017-11-02,District 1
609,SC5,6,3.42,2012-09-09,District 3
610,SC6,3,3.1,2015-09-23,District 3
611,SC2,3,3.29,2015-04-25,District 1
612,SC6,9,3.2,2009-08-12,District 3
613,SC6,1,3.1,2017-09-24,District 3
614,SC4,9,2.87,2009-09-08,District 2
615,SC4,7,3.11,2011-03-03,District 2
616,SC4,5,2.89,2013-01-21,District 2
617,SC1,3,2.91,2015-06-15,District 1
618,SC2,3,2.97,2015-03-10,District 1
619,SC1,7,3.4,2011-12-14,District 1
620,SC1,10,2.79,2008-02-03,District 1
621,SC3,11,3.04,2007-10-15,District 2
622,SC6,11,2.88,2007-07-20,District 3
623,SC3,8,3.19,2010-03-14,District 2
624,SC5,3,2.92,2015-11-09,District 3
625,SC5,1,2.93,2017-08-21,District 3
626,SC3,8,2.8,2010-04-13,District 2
627,SC3,1,3.06,2017-03-19,District 2
628,SC4,3,2.94,2015-03-15,District 2
629,SC6,4,3.14,2014-11-26,District 3
630,SC4,5,3.07,2013-09-12,District 2
631,SC6,8,2.79,2010-05-14,District 3
632,SC1,6,3.1,2012-04-13,District 1
633,SC4,7,2.74,2011-03-18,District 2
634,SC5,11,2.69,2007-10-09,District 3
635,SC6,4,2.98,2014-10-31,District 3
636,SC2,7,3.04,2011-01-13,District 1
637,SC1,2,2.94,2016-09-15,District 1
638,SC1,9,3.19,2009-02-15,District 1
639,SC3,6,3.01,2012-12-15,District 2
640,SC5,7,3.26,2011-02-18,District 3
641,SC2,3,3.03,2015-03-24,District 1
642,SC1,10,3.25,2008-06-12,District 1
643,SC2,12,3.05,2006-03-21,District 1
644,SC2,11,3.01,2007-12-13,District 1
645,SC6,7,2.83,2011-07-01,District 3
646,SC6,6,2.98,2012-12-20,District 3
647,SC2,7,3.24,2011-08-08,District 1
648,SC1,6,2.97,2012-07-03,District 1
649,SC4,12,2.98,2006-11-25,District 2
650,SC3,7,3.31,2011-08-27,District 2
651,SC1,9,3.15,2009-11-19,District 1
652,SC5,7,3.01,2011-04-25,District 3
653,SC2,6,2.72,2012-10-17,District 1
654,SC4,9,3.14,2009-03-12,District 2
655,SC1,4,2.76,2014-04-02,District 1
656,SC3,4,2.77,2014-10-20,District 2
657,SC3,1,2.97,2017-03-06,District 2
658,SC4,6,3.14,2012-08-02,District 2
659,SC3,2,3.41,2016-03-12,District 2
660,SC5,10,2.54,2008-11-04,District 3
661,SC1,1,3.01,2017-04-03,District 1
662,SC2,3,3.23,2015-11-03,District 1
663,SC4,7,2.63,2011-09-16,District 2
664,SC3,4,2.84,2014-03-16,District 2
665,SC6,7,3.22,2011-09-29,District 3
666,SC6,7,2.93,2011-10-13,District 3
667,SC6,3,2.73,2015-07-12,District 3
668,SC6,1,2.96,2017-12-04,District 3
669,SC1,2,2.97,2016-06-10,District 1
670,SC2,5,3.2,2013-03-23,District 1
671,SC3,6,2.87,2012-05-06,District 2
672,SC6,5,2.92,2013-09-28,District 3
673,SC2,9,2.78,2009-05-16,District 1
674,SC4,3,3.12,2015-11-12,District 2
675,SC3,8,2.7,2010-11-02,District 2
676,SC6,1,2.83,2017-03-07,District 3
677,SC4,7,3.12,2011-01-30,District 2
678,SC6,11,2.84,2007-01-26,District 3
679,SC2,7,3.13,2011-03-11,District 1
680,SC2,6,2.82,2012-03-09,District 1
681,SC4,12,2.86,2006-03-11,District 2
682,SC1,4,3.2,2014-10-24,District 1
683,SC6,6,2.73,2012-01-13,District 3
684,SC5,1,2.93,2017-03-05,District 3
685,SC2,8,3.06,2010-07-27,District 1
686,SC5,10,2.91,2008-03-04,District 3
687,SC4,11,2.89,2007-09-10,District 2
688,SC3,8,2.82,2010-09-28,District 2
689,SC2,8,3.34,2010-03-07,District 1
690,SC5,12,3.46,2006-10-08,District 3
691,SC5,2,2.84,2016-06-16,District 3
692,SC1,10,3.13,2008-03-07,District 1
693,SC1,3,2.97,2015-06-26,District 1
694,SC2,3,2.66,2015-12-01,District 1
695,SC5,8,2.84,2010-09-07,District 3
696,SC4,6,2.75,2012-08-07,District 2
697,SC5,10,3.01,2008-11-18,District 3
698,SC1,8,3.12,2010-01-27,District 1
699,SC2,6,3.06,2012-12-15,District 1
700,SC1,12,3.12,2006-09-01,District 1
701,SC5,1,3.13,2017-06-09,District 3
702,SC5,11,3.28,2007-05-02,District 3
703,SC4,4,3.14,2014-03-31,District 2
704,SC2,4,2.98,2014-01-10,District 1
705,SC2,1,2.66,2017-08-16,District 1
706,SC1,3,3.06,2015-12-23,District 1
707,SC6,11,2.81,2007-12-26,District 3
708,SC2,1,3.43,2017-07-18,District 1
709,SC5,6,3.03,2012-09-30,District 3
710,SC1,6,3.03,2012-08-18,District 1
711,SC2,11,3.28,2007-06-15,District 1
712,SC5,5,3.24,2013-03-07,District 3
713,SC2,10,2.79,2008-06-30,District 1
714,SC6,2,2.9,2016-05-13,District 3
715,SC2,6,3.17,2012-05-09,District 1
716,SC4,6,3.25,2012-03-01,District 2
717,SC3,2,2.73,2016-02-07,District 2
718,SC6,4,3.02,2014-02-13,District 3
719,SC5,8,3.13,2010-11-30,District 3
720,SC4,7,2.99,2011-08-15,District 2
721,SC5,2,2.6,2016-03-11,District 3
722,SC1,2,2.82,2016-08-14,District 1
723,SC4,10,3.59,2008-05-14,District 2
724,SC5,11,2.72,2007-01-05,District 3
725,SC1,10,2.81,2008-10-08,District 1
726,SC2,5,3.18,2013-11-17,District 1
727,SC4,6,3.15,2012-01-17,District 2
728,SC6,6,3.3,2012-07-25,District 3
729,SC3,10,2.87,2008-09-22,District 2
730,SC5,6,3.36,2012-02-23,District 3
731,SC1,6,2.68,2012-03-01,District 1
732,SC2,8,2.87,2010-07-11,District 1
733,SC1,10,2.9,2008-08-04,District 1
734,SC6,1,3.18,2017-06-09,District 3
735,SC3,11,2.73,2007-05-27,District 2
736,SC6,2,3.28,2016-11-10,District 3
737,SC5,3,2.72,2015-09-18,District 3
738,SC4,9,2.8,2009-02-23,District 2
739,SC4,4,3.01,2014-09-05,District 2
740,SC4,2,2.84,2016-03-28,District 2
741,SC3,10,3.13,2008-04-22,District 2
742,SC5,6,3.03,2012-12-16,District 3
743,SC3,1,2.82,2017-09-09,District 2
744,SC6,3,2.88,2015-01-26,District 3
745,SC2,1,2.89,2017-08-26,District 1
746,SC1,10,2.7,2008-10-24,District 1
747,SC2,8,2.81,2010-02-20,District 1
748,SC3,10,3.27,2008-11-13,District 2
749,SC3,12,3.07,2006-12-15,District 2
750,SC5,8,2.7,2010-07-20,District 3
751,SC6,1,3.07,2017-06-19,District 3
752,SC4,3,3.44,2015-10-19,District 2
753,SC2,12,2.93,2006-05-23,District 1
754,SC1,9,3.0,2009-06-18,District 1
755,SC5,9,3.17,2009-07-14,District 3
756,SC2,12,3.4,2006-02-25,District 1
757,SC5,10,3.12,2008-07-25,District 3
758,SC6,6,3.03,2012-02-06,District 3
759,SC5,7,3.27,2011-05-12,District 3
760,SC6,7,3.18,2011-12-16,District 3
761,SC6,8,3.23,2010-05-12,District 3
762,SC6,4,3.15,2014-03-12,District 3
763,SC4,4,3.03,2014-03-27,District 2
764,SC2,10,3.17,2008-04-17,District 1
765,SC6,5,3.27,2013-04-03,District 3
766,SC4,4,2.95,2014-03-21,District 2
767,SC3,4,2.88,2014-04-06,District 2
768,SC6,2,3.21,2016-03-22,District 3
769,SC1,9,3.15,2009-07-01,District 1
770,SC5,6,3.1,2012-02-28,District 3
771,SC6,1,2.51,2017-01-17,District 3
772,SC5,3,2.91,2015-01-09,District 3
773,SC2,4,3.07,2014-09-02,District 1
774,SC4,1,2.82,2017-01-23,District 2
775,SC5,9,3.14,2009-04-13,District 3
776,SC6,10,3.04,2008-06-01,District 3
777,SC6,9,2.82,2009-08-09,District 3
778,SC6,10,3.24,2008-03-22,District 3
779,SC2,12,3.09,2006-11-07,District 1
780,SC4,8,3.04,2010-03-30,District 2
781,SC3,5,2.94,2013-05-14,District 2
782,SC1,3,3.2,2015-02-28,District 1
783,SC3,1,3.07,2017-08-19,District 2
784,SC1,12,3.22,2006-02-01,District 1
785,SC3,12,2.97,2006-08-07,District 2
786,SC3,8,3.31,2010-03-13,District 2
787,SC2,6,2.94,2012-09-05,District 1
788,SC1,7,2.89,2011-01-05,District 1
789,SC5,12,2.98,2006-03-02,District 3
790,SC6,10,2.84,2008-03-31,District 3
791,SC3,12,3.12,2006-06-23,District 2
792,SC5,3,3.22,2015-03-18,District 3
793,SC6,11,3.4,2007-03-15,District 3
794,SC6,9,3.21,2009-03-06,District 3
795,SC5,9,2.59,2009-09-02,District 3
796,SC5,9,3.45,2009-04-14,District 3
797,SC3,4,2.58,2014-12-28,District 2
798,SC6,9,2.94,2009-01-03,District 3
799,SC3,11,2.8,2007-12-16,District 2
800,SC6,5,2.95,2013-11-21,District 3
801,SC5,3,2.94,2015-12-30,District 3
802,SC1,5,2.88,2013-10-16,District 1
803,SC5,4,3.18,2014-04-22,District 3
804,SC4,3,2.89,2015-08-15,District 2
805,SC1,10,2.96,2008-05-24,District 1
806,SC5,9,3.16,2009-03-26,District 3
807,SC4,3,3.1,2015-09-14,District 2
808,SC1,8,2.88,2010-12-31,District 1
809,SC2,5,2.81,2013-11-22,District 1
810,SC6,9,2.68,2009-11-24,District 3
811,SC4,4,3.0,2014-10-11,District 2
812,SC1,3,3.19,2015-05-19,District 1
813,SC5,7,2.99,2011-04-23,District 3
814,SC5,4,3.29,2014-01-20,District 3
815,SC1,11,2.84,2007-07-23,District 1
816,SC3,1,2.96,2017-11-22,District 2
817,SC1,11,3.15,2007-06-01,District 1
818,SC2,8,2.75,2010-05-31,District 1
819,SC3,8,2.86,2010-10-17,District 2
820,SC6,1,2.97,2017-07-11,District 3
821,SC2,5,2.94,2013-01-09,District 1
822,SC4,10,2.9,2008-02-06,District 2
823,SC2,7,3.0,2011-06-23,District 1
824,SC3,4,3.43,2014-05-15,District 2
825,SC1,8,3.18,2010-10-25,District 1
826,SC1,3,3.21,2015-10-23,District 1
827,SC6,7,3.34,2011-08-09,District 3
828,SC6,1,3.0,2017-06-19,District 3
829,SC4,3,2.73,2015-10-28,District 2
830,SC1,1,3.11,2017-10-21,District 1
831,SC2,7,3.01,2011-05-21,District 1
832,SC5,10,3.09,2008-03-03,District 3
833,SC1,4,3.0,2014-06-11,District 1
834,SC4,10,3.07,2008-04-21,District 2
835,SC4,7,2.87,2011-07-18,District 2
836,SC4,1,3.06,2017-07-07,District 2
837,SC1,9,2.8,2009-08-30,District 1
838,SC2,6,2.97,2012-02-26,District 1
839,SC1,4,2.89,2014-08-15,District 1
840,SC6,4,3.24,2014-08-07,District 3
841,SC2,11,2.7,2007-01-20,District 1
842,SC1,8,3.34,2010-08-31,District 1
843,SC2,4,2.99,2014-08-07,District 1
844,SC1,10,3.03,2008-05-24,District 1
845,SC6,7,2.9,2011-10-17,District 3
846,SC2,8,3.25,2010-01-27,District 1
847,SC1,10,2.95,2008-03-19,District 1
848,SC3,5,3.3,2013-01-21,District 2
849,SC1,12,3.51,2006-10-23,District 1
850,SC6,12,2.77,2006-10-07,District 3
851,SC4,12,2.99,2006-08-05,District 2
852,SC1,2,2.82,2016-12-27,District 1
853,SC3,5,3.11,2013-06-05,District 2
854,SC5,9,3.05,2009-08-18,District 3
855,SC6,1,3.33,2017-04-02,District 3
856,SC4,12,3.1,2006-01-31,District 2
857,SC5,6,3.07,2012-01-28,District 3
858,SC4,10,3.15,2008-02-23,District 2
859,SC1,12,3.25,2006-01-15,District 1
860,SC4,10,3.13,2008-08-16,District 2
861,SC3,12,2.88,2006-09-30,District 2
862,SC1,12,3.07,2006-08-22,District 1
863,SC1,7,3.23,2011-07-30,District 1
864,SC4,1,2.82,2017-03-22,District 2
865,SC5,2,3.2,2016-03-06,District 3
866,SC3,5,2.84,2013-04-18,District 2
867,SC3,5,3.0,2013-03-21,District 2
868,SC4,5,2.81,2013-06-04,District 2
869,SC3,3,2.73,2015-03-29,District 2
870,SC3,7,2.92,2011-03-30,District 2
871,SC5,4,2.82,2014-02-18,District 3
872,SC6,8,2.72,2010-03-01,District 3
873,SC5,11,3.0,2007-08-13,District 3
874,SC3,8,3.08,2010-05-23,District 2
875,SC2,2,2.71,2016-07-16,District 1
876,SC2,10,3.07,2008-07-16,District 1
877,SC5,2,2.85,2016-04-06,District 3
878,SC5,7,3.28,2011-09-30,District 3
879,SC3,3,2.87,2015-06-16,District 2
880,SC3,1,2.76,2017-01-01,District 2
881,SC3,12,2.85,2006-05-29,District 2
882,SC5,6,2.91,2012-10-19,District 3
883,SC5,6,2.81,2012-05-23,District 3
884,SC1,3,2.84,2015-03-21,District 1
885,SC5,12,2.77,2006-02-25,District 3
886,SC2,12,2.99,2006-04-06,District 1
887,SC1,1,2.88,2017-01-27,District 1
888,SC4,3,3.17,2015-08-24,District 2
889,SC2,12,3.26,2006-05-22,District 1
890,SC3,12,3.27,2006-07-27,District 2
891,SC5,10,3.11,2008-06-09,District 3
892,SC6,1,2.79,2017-03-19,District 3
893,SC6,3,2.98,2015-02-01,District 3
894,SC3,8,2.93,2010-12-14,District 2
895,SC2,6,3.38,2012-02-04,District 1
896,SC5,7,3.04,2011-03-10,District 3
897,SC4,2,3.08,2016-06-10,District 2
898,SC2,2,2.9,2016-02-11,District 1
899,SC4,8,2.88,2010-03-14,District 2
900,SC3,5,3.29,2013-03-28,District 2
901,SC1,2,3.37,2016-03-19,District 1
902,SC6,1,2.75,2017-03-25,District 3
903,SC3,4,2.84,2014-01-24,District 2
904,SC5,11,3.05,2007-06-13,District 3
905,SC1,12,2.94,2006-05-10,District 1
906,SC1,6,2.6,2012-01-14,District 1
907,SC3,1,3.13,2017-03-17,District 2
908,SC1,11,3.09,2007-09-23,District 1
909,SC1,2,3.04,2016-11-25,District 1
910,SC5,2,2.84,2016-04-06,District 3
911,SC5,8,2.79,2010-05-07,District 3
912,SC4,11,2.53,2007-04-10,District 2
913,SC4,11,3.19,2007-07-04,District 2
914,SC1,1,2.75,2017-07-22,District 1
915,SC1,6,2.67,2012-08-31,District 1
916,SC3,8,2.91,2010-10-23,District 2
917,SC3,6,2.87,2012-03-12,District 2
918,SC5,1,2.63,2017-03-15,District 3
919,SC1,7,2.93,2011-07-01,District 1
920,SC4,1,3.09,2017-05-26,District 2
921,SC3,11,2.93,2007-03-04,District 2
922,SC2,6,3.38,2012-10-20,District 1
923,SC5,10,3.25,2008-09-10,District 3
924,SC2,9,3.03,2009-05-14,District 1
925,SC1,5,3.12,2013-07-06,District 1
926,SC5,12,2.92,2006-02-07,District 3
927,SC5,1,3.03,2017-04-17,District 3
928,SC3,8,2.87,2010-10-10,District 2
929,SC3,4,3.07,2014-03-19,District 2
930,SC3,12,3.01,2006-08-19,District 2
931,SC2,12,2.84,2006-07-18,District 1
932,SC6,4,2.99,2014-11-05,District 3
933,SC4,3,3.04,2015-03-27,District 2
934,SC1,6,3.34,2012-09-19,District 1
935,SC6,3,2.92,2015-11-28,District 3
936,SC2,1,2.92,2017-10-27,District 1
937,SC4,12,2.8,2006-09-11,District 2
938,SC2,7,3.2,2011-09-29,District 1
939,SC5,5,3.36,2013-10-07,District 3
940,SC3,11,3.13,2007-10-09,District 2
941,SC4,6,2.69,2012-07-11,District 2
942,SC1,12,2.78,2006-07-31,District 1
943,SC5,5,3.08,2013-04-15,District 3
944,SC2,3,2.59,2015-12-14,District 1
945,SC5,5,3.24,2013-05-27,District 3
946,SC5,10,2.94,2008-03-01,District 3
947,SC6,3,2.73,2015-03-29,District 3
948,SC6,5,3.08,2013-11-27,District 3
949,SC5,2,3.08,2016-10-29,District 3
950,SC5,5,3.01,2013-04-07,District 3
951,SC5,1,2.83,2017-10-04,District 3
952,SC3,4,2.44,2014-03-04,District 2
953,SC2,12,3.08,2006-05-31,District 1
954,SC1,9,2.87,2009-03-17,District 1
955,SC3,6,2.85,2012-09-18,District 2
956,SC4,8,3.06,2010-09-07,District 2
957,SC2,5,2.97,2013-03-11,District 1
958,SC1,2,3.06,2016-03-18,District 1
959,SC3,2,3.27,2016-12-07,District 2
960,SC3,9,2.99,2009-05-10,District 2
961,SC5,6,2.56,2012-03-20,District 3
962,SC3,11,3.03,2007-12-10,District 2
963,SC2,10,2.89,2008-02-28,District 1
964,SC6,4,3.27,2014-04-14,District 3
965,SC4,6,3.1,2012-04-13,District 2
966,SC2,8,3.07,2010-12-23,District 1
967,SC4,11,3.04,2007-11-17,District 2
968,SC5,11,3.28,2007-01-04,District 3
969,SC3,2,2.81,2016-01-23,District 2
970,SC4,6,3.09,2012-07-14,District 2
971,SC3,10,2.6,2008-01-16,District 2
972,SC1,5,3.09,2013-08-05,District 1
973,SC6,3,2.87,2015-09-19,District 3
974,SC5,5,3.37,2013-03-29,District 3
975,SC4,10,2.67,2008-10-04,District 2
976,SC5,9,3.01,2009-11-04,District 3
977,SC5,7,2.82,2011-05-19,District 3
978,SC2,6,2.92,2012-07-22,District 1
979,SC4,8,3.19,2010-03-06,District 2
980,SC6,10,2.92,2008-06-13,District 3
981,SC5,1,3.36,2017-01-23,District 3
982,SC4,3,2.89,2015-10-19,District 2
983,SC6,12,2.64,2006-01-17,District 3
984,SC5,10,2.85,2008-05-02,District 3
985,SC6,7,2.64,2011-03-26,District 3
986,SC3,12,2.71,2006-03-06,District 2
987,SC4,5,2.96,2013-07-22,District 2
988,SC5,5,3.14,2013-08-21,District 3
989,SC6,1,2.91,2017-08-19,District 3
990,SC2,2,2.92,2016-02-02,District 1
991,SC5,4,2.82,2014-01-21,District 3
992,SC1,4,2.91,2014-09-19,District 1
993,SC5,10,3.2,2008-03-02,District 3
994,SC3,12,2.81,2006-09-24,District 2
995,SC4,5,2.83,2013-03-05,District 2
996,SC4,5,2.82,2013-10-10,District 2
997,SC4,7,2.7,2011-08-29,District 2
998,SC2,12,2.74,2006-03-09,District 1
999,SC2,3,3.21,2015-03-15,District 1
1000,SC1,4,3.19,2014-03-24,District 1
